id,longitude,latitude,elevation,cti,tri,slope,vrm,roughness,tpi,spi,geom,aspect,cov,contrast,corr,dissimilarity,entropy,homogeneity,maximum,mean,pielou,range,shannon,simpson,sd,uniformity,variance,air_density_50,air_density_100,air_density_10,wind_speed_50,wind_speed_100,wind_speed_10,power_density_50,power_density_100,power_density_10,RIX,bio01,bio02,bio03,bio04,bio05,bio06,bio07,bio08,bio09,bio10,bio11,bio12,bio13,bio14,bio15,bio16,bio17,bio18,bio19,NDVI_april_2022,NDVI_may_2022,NDVI_june_2022,NDVI_july_2022,NDVI_august_2022,NDVI_conv_april_2022,world_cover,world_cover_Tree_cover,world_cover_Shrubland,world_cover_Grassland,world_cover_Cropland,world_cover_Bare_sparse_vegetation
54,69.863915,43.474346,661,-3.9978785514831543,32.481746673583984,22.46234703063965,0.010646280832588673,97.06083679199219,7.104009628295898,0.0033173211850225925,5,251.6026714235972,950,59333,3012,19982,28667,3356,833,2302,9119,762,19073,8180,218,595,43611,1.15165376663208,1.1461098194122314,1.1561026573181152,5.052618026733398,6.332605838775635,3.7005321979522705,312.9563293457031,436.67791748046875,205.47467041015625,0.03597687557339668,100,129,29,10732,332,-101,433,109,217,235,-42,292,49,3,57,120,14,19,91,0.30869999527931213,0.2391500025987625,0.21185000240802765,0.19519999623298645,0.18459999561309814,0.3103739400984536,30,0,0,0.9841269841269842,0,0.015873015873015872
55,69.47685,43.28107,508,-3.606499195098877,28.903261184692383,17.905115127563477,0.010916391387581825,86.60848999023438,13.412952423095703,0.0031384509056806564,6,22.522823773290735,1640,363367,3193,49163,29027,1772,919,3297,9568,1780,23594,8912,530,575,261536,1.167479157447815,1.1618781089782715,1.171974778175354,4.424495697021484,5.829254627227783,2.0933218002319336,127.15151977539062,235.79684448242188,21.256406784057617,0.008767605759203434,110,131,30,10683,342,-90,432,49,227,245,-31,285,47,2,61,117,10,15,96,0.5037000179290771,0.5495499968528748,0.31415000557899475,0.2870500087738037,0.2853499948978424,0.516819175634127,30,0,0.034013605442176874,0.9410430839002267,0,0.024943310657596373
56,69.4037,43.22346,408,2.86737060546875,6.634361267089844,3.52606201171875,0.0007765283808112144,17.26413345336914,0.43735048174858093,5.446296691894531,9,321.8969426502643,482,24268,2663,12884,24059,4686,1337,2714,8190,437,14267,6838,131,1009,18463,1.1682116985321045,1.1626335382461548,1.1726881265640259,6.904839038848877,8.071390151977539,4.866308212280273,525.2626953125,743.7498779296875,211.32179260253906,0,113,132,30,10660,346,-87,433,52,230,248,-28,286,46,2,61,117,10,15,98,0.33250001072883606,0.25975000858306885,0.20469999313354492,0.18490000069141388,0.18684999644756317,0.33250001072883606,30,0,0,0.8571428571428572,0,0.14285714285714285
57,69.77452,42.87692,613,-3.311155319213867,28.070714950561523,18.87411880493164,0.011971672996878624,90.34013366699219,14.109039306640625,0.005504042375832796,3,104.50126871979718,1748,284781,3890,43497,29674,2049,782,3209,9555,1979,22381,8816,555,529,241789,1.1430211067199707,1.1375436782836914,1.1474173069000244,6.9572858810424805,7.8275227546691895,5.386163234710693,792.6055908203125,991.3162231445312,423.6778259277344,0.028117025271058083,107,129,30,10300,333,-88,421,116,220,237,-29,427,66,3,58,172,18,24,140,0.37584999203681946,0.29649999737739563,0.22849999368190765,0.19290000200271606,0.18015000224113464,0.37584999203681946,30,0,0,0.9727891156462586,0,0.0272108843537415
58,69.88046,43.596149,485,5.217957019805908,3.785688638687134,1.9081426858901978,0.0004558333021122962,10.556029319763184,-2.238206386566162,0.42455944418907166,8,244.22817141866696,698,32549,2442,14031,24980,4783,2050,2196,8884,514,15918,7601,153,1074,22706,1.162784218788147,1.157200813293457,1.1672654151916504,5.5651535987854,6.605315208435059,3.890300989151001,317.40313720703125,441.53594970703125,134.08197021484375,0,104,130,29,10895,337,-100,437,113,222,241,-41,257,44,2,59,106,11,15,82,0.3377000093460083,0.20235000550746918,0.15434999763965607,0.14569999277591705,0.13875000178813934,0.3240197403713386,30,0,0,0.9795918367346939,0,0.020408163265306124
59,69.449749,43.632805,534,-2.9130427837371826,28.148263931274414,19.661373138427734,0.008541051298379898,87.63089752197266,-14.787537574768066,0.007335261907428503,9,230.71055427996308,1060,79058,1501,22051,26046,3733,1479,2215,9062,790,18710,8136,234,850,47548,1.1600099802017212,1.1544358730316162,1.164483666419983,4.670924663543701,5.910301208496094,2.5629396438598633,155.59788513183594,265.6540222167969,34.36953353881836,0.023025235161185265,103,131,29,10958,338,-101,439,113,222,241,-42,225,40,2,62,95,8,13,73,0.2837499976158142,0.187950000166893,0.18250000476837158,0.1589999943971634,0.14214999973773956,0.29219760833571085,30,0,0,0.8526077097505669,0,0.14739229024943312
60,68.004941,43.733736,475,-0.744631290435791,6.883176326751709,3.659075975418091,0.0017308869864791632,18.246122360229492,-1.3789622783660889,0.020094459876418114,9,62.70103897256393,378,13113,266,8596,19088,6154,2875,2302,8345,301,12346,6498,87,1794,7282,1.1617826223373413,1.156205415725708,1.1662588119506836,5.148611068725586,6.195633411407471,3.3747055530548096,255.57652282714844,370.6156311035156,87.80926513671875,0,98,132,29,11287,339,-110,449,109,222,240,-51,210,34,2,58,86,9,14,71,0.39750000834465027,0.29864999651908875,0.22679999470710754,0.18389999866485596,0.1764499992132187,0.4000849740488547,30,0,0,1,0,0
61,67.836046,43.837818,567,-3.320699691772461,17.710439682006836,11.527074813842773,0.008520623669028282,50.69485092163086,9.797808647155762,0.001884568016976118,5,82.66047188423944,586,25393,2169,11945,23142,5310,1861,2101,9070,436,15123,7469,123,1145,16196,1.154523491859436,1.1489614248275757,1.158988118171692,6.901541709899902,7.857495307922363,5.350828647613525,530.0301513671875,664.6648559570312,298.0285949707031,0.008986406959593296,96,131,29,11377,338,-113,451,106,220,239,-54,208,33,2,56,84,10,15,70,0.35499998927116394,0.29249998927116394,0.2139499932527542,0.16519999504089355,0.15479999780654907,0.3484512050555175,30,0,0,1,0,0
62,67.721057,43.9287 ,497,-3.005019187927246,33.056827545166016,21.96926498413086,0.008339687250554562,96.45156860351562,7.11993408203125,0.009044771082699299,5,354.7976327902208,1480,160582,385,31853,27859,2632,1096,2167,9440,983,20031,8497,323,664,90780,1.1689430475234985,1.1633247137069702,1.1734517812728882,5.80971097946167,7.096737384796143,4.11867618560791,429.0164489746094,585.99755859375,213.98504638671875,0.060619935393333435,96,130,28,11489,337,-115,452,106,221,240,-56,200,32,2,57,81,10,15,67,0.3402000069618225,0.23395000398159027,0.17239999771118164,0.18160000443458557,0.17614999413490295,0.3404666729357051,30,0.17006802721088435,0.020408163265306124,0.780045351473923,0,0.02947845804988662
63,67.629676,44.038105,462,5.837671279907227,4.923571586608887,2.0238089561462402,0.0013213575584813952,13.567554473876953,-3.364457368850708,0.6923941373825073,9,145.18030308983845,1894,108737,3531,24062,26897,3736,1393,1750,9317,1178,19794,8407,332,762,87349,1.1669089794158936,1.1612976789474487,1.1714117527008057,6.969737529754639,8.15511417388916,5.029417991638184,590.4063110351562,800.2473754882812,277.8973693847656,0,96,129,28,11617,339,-116,455,106,222,242,-58,193,30,3,53,77,11,15,65,0.2505500018596649,0.21209999918937683,0.16130000352859497,0.14775000512599945,0.1505499929189682,0.2501086898928271,30,0,0,0.9024943310657597,0,0.09750566893424037
64,69.335820,43.656420,469,3.3706445693969727,6.047938346862793,3.635678291320801,0.0007988998549990356,20.75163459777832,1.1280770301818848,4.326714992523193,6,159.34560364267293,514,17864,1784,10151,23302,5696,2065,2043,9305,326,13788,7308,105,1136,10762,1.1645413637161255,1.1589511632919312,1.1690281629562378,4.786437511444092,5.643584251403809,3.382465362548828,221.2746124267578,296.25738525390625,98.07515716552734,0,104,131,29,10989,339,-101,440,113,223,242,-42,214,38,2,62,90,8,13,70,0.2781499922275543,0.17810000479221344,0.1607999950647354,0.14835000038146973,0.15389999747276306,0.2781499922275543,30,0,0,0.9886621315192744,0,0.011337868480725623
65,69.782718,43.218971,1141,-3.7326858043670654,30.13921546936035,14.486260414123535,0.04814436659216881,94.62958526611328,26.109180450439453,0.0016865166835486889,6,4.242110536847356,1895,554549,2578,62150,29219,1422,774,3592,9732,2133,23847,8998,668,566,411114,1.100632905960083,1.0953073501586914,1.104907512664795,9.44548511505127,10.492864608764648,7.93227481842041,1183.0255126953125,1438.630126953125,809.3408203125,0.10689055919647217,82,127,29,10483,309,-116,425,89,197,214,-57,417,68,5,56,174,23,31,125,0.42980000376701355,0.4030500054359436,0.26124998927116394,0.21905000507831573,0.19220000505447388,0.4154919061652372,30,0,0,0.7936507936507937,0,0.20634920634920637
66,69.817203,43.001569,824,-2.972334861755371,37.249473571777344,25.436086654663086,0.009577445685863495,111.10124206542969,-5.631532192230225,0.01318106148391962,6,273.80370613519614,1489,399452,3758,51297,29607,1733,732,3832,9649,1825,23543,8910,574,531,344540,1.12529456615448,1.119879961013794,1.1296395063400269,8.289267539978027,8.836448669433594,8.092389106750488,995.14453125,981.4285278320312,1231.5179443359375,0.12273865193128586,94,128,30,10347,320,-102,422,101,208,225,-43,441,70,4,57,181,22,29,138,0.5651500225067139,0.4242999851703644,0.2561500072479248,0.2569499909877777,0.2049500048160553,0.5651500225067139,30,0,0,0.8049886621315193,0,0.19501133786848074
67,70.947306,42.891703,626,-2.3794147968292236,10.856002807617188,7.39180850982666,0.0016612281324341893,35.118003845214844,0.09987249970436096,0.0018598249880596995,5,185.56842041015625,942,80374,3800,21192,25357,4150,2123,2802,8764,835,18225,7877,264,1010,67286,1.143774390220642,1.1382719278335571,1.1481906175613403,3.252868413925171,3.761032819747925,2.5440542697906494,138.01210021972656,166.23580932617188,85.90837097167969,0,107,126,30,10361,330,-90,420,116,220,237,-31,358,55,4,51,140,22,32,104,0.3434000015258789,0.21424999833106995,0.1781499981880188,0.16009999811649323,0.14749999344348907,0.3382291979431125,30,0,0,0.9909297052154196,0,0.009070294784580499
68,70.94396,42.81662,736,4.888878345489502,12.256929397583008,2.4516048431396484,0.005395964253693819,29.53215789794922,-10.352846145629883,0.30275580286979675,5,124.39671369086953,526,47041,912,15102,22888,5132,2199,2962,8912,623,15181,7391,156,1281,25474,1.1306995153427124,1.1252442598342896,1.1350778341293335,4.014664173126221,4.5933613777160645,3.0996201038360596,295.3424072265625,363.27105712890625,165.23599243164062,0,101,125,29,10255,322,-95,417,109,212,229,-36,390,60,5,50,155,25,36,110,0.39910000562667847,0.2805500030517578,0.2393999993801117,0.20534999668598175,0.18060000240802765,0.40101325775203767,30,0,0.0022675736961451248,0.997732426303855,0,0
69,70.152725,43.655192,364,-0.05764765664935112,8.53681755065918,6.041580677032471,0.000558104773517698,24.4644718170166,-0.5113150477409363,0.021008148789405823,7,180,639,19280,757,10054,21201,5865,2551,1814,8408,470,13533,6916,116,1500,11880,1.1792011260986328,1.173559546470642,1.1837292909622192,4.528797149658203,5.403624534606934,3.0538575649261475,169.15748596191406,231.00247192382812,67.5020523071289,0,110,130,29,10941,342,-96,438,119,228,247,-36,240,40,2,56,97,11,15,75,0.31744998693466187,0.14900000393390656,0.1285499930381775,0.14145000278949738,0.1274999976158142,0.3141563456354804,60,0,0,0.9410430839002267,0,0.05895691609977324
70,69.883877,43.514431,580,-1.0787715911865234,21.990873336791992,16.065013885498047,0.007923510856926441,77.47623443603516,-7.825613021850586,0.26152488589286804,9,218.003811587118,878,59676,50,18488,26541,4141,1220,2084,9124,715,18708,8192,184,786,32967,1.1565542221069336,1.1509928703308105,1.1610175371170044,5.311686992645264,6.566794395446777,3.0545482635498047,240.8024139404297,397.3793029785156,53.70375061035156,0.027721596881747246,99,129,29,10791,331,-103,434,108,217,235,-44,288,48,3,56,119,14,19,89,0.31869998574256897,0.24435000121593475,0.17055000364780426,0.18880000710487366,0.15504999458789825,0.32812378572131934,30,0,0,0.9954648526077098,0,0.0045351473922902496
71,69.80069,43.543433,623,-2.3817012310028076,19.854013442993164,14.084330558776855,0.004135060124099255,62.971656799316406,-1.1221450567245483,0.02471957542002201,5,276.8884591259443,990,58712,3173,20670,26488,3097,1180,2240,9150,824,20120,8364,222,766,43422,1.152836799621582,1.147288203239441,1.1572890281677246,5.482085704803467,6.706120014190674,3.3122637271881104,320.8138122558594,477.0310363769531,101.9319076538086,0.0005846925196237862,96,129,29,10794,328,-106,434,105,214,231,-47,286,49,3,58,119,14,19,88,0.36114999651908875,0.2879500091075897,0.1988999992609024,0.1983499974012375,0.19460000097751617,0.3571564635696367,30,0,0,1,0,0
72,68.981953,43.442301 ,632,-3.0180420875549316,22.00782585144043,10.632083892822266,0.008850584737956524,51.7123908996582,15.89835262298584,0.009057248942553997,6,45.619273678505735,1251,190705,1348,32725,27996,2731,1371,2659,9182,1334,20971,8477,333,703,109816,1.1514137983322144,1.145869493484497,1.1558631658554077,6.374780654907227,7.794516086578369,3.554025411605835,495.65997314453125,831.2965698242188,91.42474365234375,0.025820106267929077,99,132,30,10843,334,-103,437,109,218,236,-44,256,44,2,60,108,10,15,85,0.39259999990463257,0.33265000581741333,0.23659999668598175,0.2076999992132187,0.195250004529953,0.3922105935316564,30,0,0,0.9229024943310657,0,0.07709750566893424
73,68.873615,43.470684,697,-3.6189777851104736,38.76814270019531,27.008745193481445,0.0026713928673416376,135.4360809326172,-0.6193161606788635,0.007267126347869635,6,106.53556114578964,533,30531,1055,14259,25770,4448,1466,2406,9566,452,15831,7813,128,858,16611,1.1371592283248901,1.1316661834716797,1.1415669918060303,7.883030414581299,8.850872993469238,6.164488315582275,937.3577880859375,1197.810302734375,512.3811645507812,0.06583617627620697,89,130,29,10850,324,-113,437,98,208,226,-54,278,47,3,58,117,12,19,90,0.3865000009536743,0.2585499882698059,0.2033499926328659,0.16895000636577606,0.16554999351501465,0.3739435224345437,30,0,0,1,0,0
74,69.780455,43.183214,1039,-4.1442179679870605,36.912940979003906,24.6407470703125,0.0136607326567173,117.10453033447266,13.397465705871582,0.003664465621113777,5,110.76508514721684,1529,259733,4249,40938,29069,2182,820,3638,9492,1756,22219,8765,554,579,257255,1.1001874208450317,1.0948630571365356,1.1044610738754272,10.69690990447998,11.48415470123291,9.417186737060547,1992.5948486328125,2172.067138671875,1529.45361328125,0.13101191818714142,89,127,29,10501,317,-109,426,96,204,221,-50,405,66,4,57,168,20,27,125,0.4797999858856201,0.5501499772071838,0.22220000624656677,0.2471500039100647,0.20399999618530273,0.44953049075756135,30,0,0,0.6757369614512472,0,0.3242630385487528
75,69.71958,43.06214,612,0.7373313903808594,19.146190643310547,13.019973754882812,0.013517584651708603,59.13628005981445,-10.486893653869629,2.7881534099578857,9,173.30873908144284,775,98406,1882,23363,26597,3735,1042,3107,9031,775,18046,8058,241,755,61913,1.1347712278366089,1.1293121576309204,1.1391525268554688,8.17632007598877,8.797867774963379,7.278521537780762,992.880615234375,1101.4122314453125,789.60595703125,0.03943009674549103,103,129,30,10448,332,-94,426,112,218,235,-35,383,61,3,59,156,16,22,125,0.513450026512146,0.41440001130104065,0.28619998693466187,0.24504999816417694,0.22714999318122864,0.48075731880874367,30,0,0,1,0,0
76,69.786921,42.84476,559,-2.7934436798095703,30.17316246032715,21.496192932128906,0.007877260446548462,88.52642822265625,-5.171204566955566,0.010030260309576988,5,165.147067017034,1475,242068,4252,39019,29045,2229,848,3300,9522,1570,22833,8839,486,580,213579,1.1516733169555664,1.1461650133132935,1.1560940742492676,6.184776306152344,6.950341701507568,4.9650492668151855,778.8750610351562,942.9392700195312,491.93206787109375,0.026477186009287834,116,130,30,10313,343,-79,422,57,229,246,-20,397,60,2,58,159,15,20,135,0.3628000020980835,0.2911500036716461,0.2139499932527542,0.18930000066757202,0.17509999871253967,0.366251242062277,30,0,0,1,0,0
77,69.746684,42.78743,767,-3.428157091140747,31.500234603881836,21.38450050354004,0.014082744717597961,102.49038696289062,8.138445854187012,0.0059190355241298676,5,286.7109576193829,1052,273390,1214,41548,28598,1881,855,3910,9578,1417,22966,8882,412,607,151154,1.133582592010498,1.1281285285949707,1.1379607915878296,6.091499328613281,6.601696491241455,5.172281265258789,696.4673461914062,714.7862548828125,574.028076171875,0.04369908571243286,106,129,30,10227,331,-88,419,114,219,235,-29,459,70,3,58,185,19,26,151,0.5539000034332275,0.4841499924659729,0.29135000705718994,0.2358500063419342,0.2113499939441681,0.5681708338681389,30,0,0,0.9886621315192744,0,0.011337868480725623
78,69.127344,43.399957,608,-3.4620492458343506,24.199810028076172,18.004161834716797,0.005402557551860809,86.09884643554688,-1.1909276247024536,0.0036770792212337255,6,316.4932974840878,1404,115750,4710,26543,28588,3089,893,2375,9544,1070,22253,8789,334,610,112073,1.1526297330856323,1.1470818519592285,1.1570829153060913,7.796281814575195,8.917330741882324,5.792701721191406,837.1673583984375,1127.958984375,391.016845703125,0.023172229528427124,99,131,30,10762,333,-102,435,108,216,235,-43,272,46,2,61,114,10,16,90,0.3718000054359436,0.2876499891281128,0.2321999967098236,0.2228499948978424,0.18770000338554382,0.3631610642073457,30,0,0,0.8639455782312926,0,0.1360544217687075
79,69.764325,42.991164,664,-3.641479253768921,38.17155838012695,14.044890403747559,0.04879973828792572,90.64600372314453,31.5941219329834,0.001839958829805255,6,35.11087134240262,1058,212827,2200,38508,28946,2055,859,3492,9595,1332,22179,8800,365,586,137598,1.1367894411087036,1.1313341856002808,1.1411676406860352,8.944074630737305,9.28105640411377,8.620308876037598,1239.0416259765625,1199.07080078125,1288.5369873046875,0.09085436910390854,114,130,30,10426,342,-83,425,53,228,245,-24,365,57,2,60,147,13,18,123,0.5123999714851379,0.29600000381469727,0.24210000038146973,0.2134999930858612,0.2134999930858612,0.49533767106983817,30,0,0,0.9909297052154196,0,0.009070294784580499
80,69.498408,43.536609,544,7.150909423828125,8.198174476623535,4.941389083862305,0.002151326509192586,27.535478591918945,-3.097261667251587,12.922643661499023,5,216.60398605473344,2171,375468,3004,49435,29716,1958,833,2435,9619,1575,23066,8906,529,528,267668,1.1558719873428345,1.1503134965896606,1.1603343486785889,5.301756858825684,6.313957214355469,3.748120069503784,230.28111267089844,324.1897888183594,99.27603149414062,0,100,130,29,10862,334,-103,437,109,219,236,-44,258,45,2,60,109,10,15,83,0.4502499997615814,0.34049999713897705,0.2766000032424927,0.2802000045776367,0.2727999985218048,0.4502499997615814,30,0,0,1,0,0
81,69.84485,42.831122,1038,-3.572375535964966,64.63192749023438,39.638179779052734,0.01097952015697956,178.95584106445312,-8.239875793457031,0.019700130447745323,6,246.2497136928548,1497,387590,2115,46036,25800,3157,1560,3171,9127,1580,19614,8231,470,896,239598,1.0979015827178955,1.0925860404968262,1.102168321609497,6.815859794616699,8.020796775817871,4.713290214538574,640.2033081054688,922.5504760742188,332.7149353027344,0.2031068205833435,87,126,30,10197,310,-107,417,94,199,216,-48,522,82,5,56,217,27,35,159,0.43685001134872437,0.38029998540878296,0.2506999969482422,0.21044999361038208,0.1973000019788742,0.4460445782510562,30,0,0,0.9002267573696145,0,0.09977324263038549
82,69.54887,43.13711,511,0.38534748554229736,21.980960845947266,14.352067947387695,0.01633451133966446,70.79259490966797,-4.533551216125488,7.099781513214111,7,295.4499261155921,716,60988,2508,20622,27346,3298,1205,3087,9548,758,18909,8359,222,722,46210,1.1558985710144043,1.1503647565841675,1.1603400707244873,6.308443546295166,7.438780307769775,3.9788613319396973,404.7995910644531,571.2693481445312,117.96504211425781,0.008780471049249172,108,131,30,10556,338,-90,428,47,224,242,-31,335,54,2,60,136,13,18,112,0.48774999380111694,0.364300012588501,0.3299500048160553,0.3001500070095062,0.25690001249313354,0.45139706344671654,30,0.0272108843537415,0,0.9727891156462586,0,0
83,70.386967,43.190405,623,-0.7149555087089539,20.753246307373047,15.092321395874023,0.010481567122042179,73.64927673339844,-9.79982852935791,0.16951248049736023,6,211.36616220273064,1355,56297,5697,18652,27264,3938,1179,2008,9316,858,20464,8516,272,704,67921,1.1367367506027222,1.1312804222106934,1.1411166191101074,5.566155433654785,5.968929767608643,5.042583465576172,734.2575073242188,704.3502197265625,754.9539794921875,0.031649149954319,103,128,30,10535,330,-96,426,112,218,236,-37,349,56,4,54,141,19,25,105,0.2930999994277954,0.1766500025987625,0.16769999265670776,0.1594499945640564,0.15489999949932098,0.2930153840349549,30,0,0,0.9160997732426304,0,0.08390022675736962
84,69.890489,43.073867,654,5.289649963378906,17.05386734008789,6.023833274841309,0.016384758055210114,44.533084869384766,-15.449332237243652,3.547046661376953,9,236.67803143735966,1043,135566,2041,24659,25079,3961,1706,3288,8938,1696,18493,8113,341,983,72742,1.1318799257278442,1.1264421939849854,1.136244535446167,4.227249622344971,5.506080627441406,2.300952434539795,136.06979370117188,262.6522521972656,26.26253318786621,0.12174906581640244,103,129,30,10435,330,-95,425,111,217,234,-36,391,62,3,57,159,18,24,124,0.499099999666214,0.3624500036239624,0.2563999891281128,0.21265000104904175,0.1923000067472458,0.498857142565122,30,0,0,1,0,0
85,69.97498,42.99665,866,-2.275998830795288,22.764219284057617,16.050146102905273,0.006247882731258869,74.26567077636719,-0.660984456539154,0.009629761800169945,5,169.32021005386935,854,97635,3346,24996,28620,3125,1086,3562,9238,1186,20715,8509,303,620,76076,1.110705852508545,1.1053431034088135,1.11500883102417,7.52381706237793,8.114688873291016,7.167008399963379,726.8428344726562,793.1278686523438,748.5973510742188,0.07161160558462143,93,127,30,10329,318,-103,421,100,206,223,-44,450,71,5,56,185,23,31,138,0.486299991607666,0.4287000000476837,0.37860000133514404,0.303849995136261,0.27695000171661377,0.4807304954134262,30,0,0,1,0,0
86,70.05078,42.86605,747,2.85581111907959,22.978782653808594,11.460287094116211,0.039813995361328125,73.1193618774414,-12.877931594848633,14.061688423156738,9,134.8480987548828,1665,461547,3336,50499,28312,2033,950,4329,9689,2445,23070,8920,693,633,409012,1.1247535943984985,1.1193419694900513,1.129097819328308,5.823789119720459,6.3692522048950195,5.333529472351074,401.44793701171875,440.85369873046875,327.1125793457031,0.26678887009620667,103,128,30,10287,328,-92,420,111,215,233,-33,452,70,4,56,183,22,29,142,0.6218000054359436,0.6406499743461609,0.5521500110626221,0.3815999925136566,0.3815000057220459,0.6150323334667418,30,0.25170068027210885,0,0.7369614512471655,0,0.011337868480725623
87,69.090143,43.379289,553,0.4716695547103882,18.95908546447754,10.022172927856445,0.009607523679733276,52.46055603027344,-5.079031944274902,0.3766932487487793,9,287.30161276750437,862,35316,4232,14230,24561,4853,2030,2119,9171,614,16795,7861,183,1052,31235,1.1559219360351562,1.1503617763519287,1.1603842973709106,8.446683883666992,9.436546325683594,6.76138973236084,1188.5770263671875,1500.637451171875,691.0313110351562,0.0018326672725379467,103,132,30,10788,338,-98,436,113,222,240,-39,262,44,2,61,109,10,15,88,0.2800000011920929,0.24355000257492065,0.18764999508857727,0.1692499965429306,0.16680000722408295,0.2892279040328292,30,0,0,0.9251700680272109,0,0.07482993197278912
88,69.420927,43.23757,436,6.369510173797607,14.840696334838867,8.47118091583252,0.009157735854387283,48.68733215332031,-3.819552183151245,15.805832862854004,9,276.9229690492562,657,53271,1849,17719,24570,4274,1894,2699,9207,641,17300,8031,177,1043,32753,1.1620148420333862,1.1564589738845825,1.1664732694625854,7.6386308670043945,8.605765342712402,5.88100004196167,700.4176635742188,879.7769775390625,370.6594543457031,0.000782450195401907,111,132,30,10657,343,-89,432,50,228,246,-30,288,47,2,59,118,10,15,98,0.3384000062942505,0.28255000710487366,0.20239999890327454,0.18940000236034393,0.17395000159740448,0.3600431388200716,30,0.0022675736961451248,0,0.6462585034013606,0,0.35147392290249435
89,69.957933,43.538837,522,1.6344451904296875,20.269329071044922,13.139354705810547,0.008176048286259174,56.166683197021484,-8.405308723449707,12.508430480957031,10,250.8788424835085,788,46901,1566,16836,26908,4302,1194,2162,9766,554,17499,8193,170,742,27872,1.1613123416900635,1.155734658241272,1.1657898426055908,4.779631614685059,6.022244930267334,2.6029481887817383,207.21664428710938,343.46600341796875,49.77445602416992,0.006004913244396448,104,130,29,10815,336,-98,434,114,222,240,-39,268,45,2,58,110,11,16,85,0.29464998841285706,0.20935000479221344,0.19009999930858612,0.17315000295639038,0.1563500016927719,0.2998562329421842,30,0,0,0.9773242630385488,0,0.022675736961451247
90,70.036127,43.411131,674,-3.009958267211914,20.016841888427734,13.593901634216309,0.003065938362851739,62.55413055419922,0.15653322637081146,0.0032333149574697018,6,208.16166361302277,1810,196176,3112,31433,28163,3094,899,2283,9367,1543,20044,8483,414,637,134311,1.1444077491760254,1.138890027999878,1.1488361358642578,5.578608989715576,6.561673641204834,3.877307415008545,405.25701904296875,525.4722290039062,202.62355041503906,0,97,128,29,10687,326,-104,430,106,213,231,-45,322,53,3,57,132,16,21,99,0.4510999917984009,0.33880001306533813,0.27665001153945923,0.2085999995470047,0.2215999960899353,0.4510999917984009,30,0,0.01360544217687075,0.6893424036281179,0,0.2834467120181406
91,69.825647,42.875236,700,-3.6732728481292725,36.454933166503906,23.466196060180664,0.023811601102352142,110.80563354492188,8.457937240600586,0.005506522953510284,3,180,1151,245845,109,38479,28131,2423,1088,3297,9001,1414,20550,8366,378,655,128209,1.1311761140823364,1.1257405281066895,1.1355386972427368,8.278834342956543,8.78220272064209,7.607645034790039,1123.384521484375,1202.069091796875,993.4267578125,0.09182848781347275,107,129,30,10316,333,-88,421,116,220,237,-29,428,66,3,58,172,18,24,140,0.5060499906539917,0.4241499900817871,0.29319998621940613,0.23784999549388885,0.20225000381469727,0.48758001809394735,30,0,0,0.8934240362811792,0,0.10657596371882086
92,69.878827,42.874656,695,-3.105739116668701,30.847396850585938,20.55915641784668,0.005227169953286648,94.3705825805664,4.421665191650391,0.007073049899190664,6,107.77683117509572,1183,257036,2336,42576,29543,1707,804,3984,9746,1948,23965,9029,470,550,180292,1.1348176002502441,1.1293693780899048,1.1391899585723877,8.123990058898926,8.88449478149414,7.089815139770508,957.85595703125,1117.7261962890625,744.4503173828125,0.22265535593032837,113,129,30,10343,339,-83,422,53,226,243,-24,406,62,3,59,162,16,22,135,0.455949991941452,0.4805999994277954,0.2994000017642975,0.29159998893737793,0.2485000044107437,0.5168123627114267,60,0,0,0.8480725623582767,0,0.15192743764172337
93,69.786934,42.791773,1033,-4.503390312194824,57.3746223449707,32.011680603027344,0.041658915579319,160.35687255859375,30.767623901367188,0.004628473427146673,5,286.08173391338545,895,198027,1969,34168,28954,2397,930,4119,9588,1272,21966,8781,369,587,119034,1.0953840017318726,1.09007728099823,1.0996431112289429,9.112939834594727,9.316081047058105,9.328777313232422,1936.994873046875,1818.1790771484375,2410.8134765625,0.12299013137817383,97,128,30,10198,321,-97,418,104,209,225,-38,496,77,4,57,203,23,30,157,0.6284000277519226,0.5280500054359436,0.33344998955726624,0.2836500108242035,0.2374500036239624,0.6238260188392389,30,0,0,0.9795918367346939,0,0.020408163265306124
94,69.703749,42.79504,545,1.6937907934188843,11.880592346191406,5.842611789703369,0.0077851456589996815,33.03902053833008,-7.729911804199219,0.07017666846513748,7,313.04282533032,511,68593,524,16950,22481,5166,3399,3347,8632,645,16597,7573,177,1709,38055,1.1539374589920044,1.1484109163284302,1.158373236656189,4.31021785736084,5.232917785644531,2.881566047668457,224.6511993408203,327.65557861328125,82.48421478271484,0.0023646296467632055,117,130,30,10286,343,-78,421,58,229,246,-19,408,61,2,59,164,15,20,140,0.4686500132083893,0.3720000088214874,0.24639999866485596,0.19894999265670776,0.18690000474452972,0.4698583270124307,30,0,0,0.9773242630385488,0,0.022675736961451247
95,68.005736,43.73059,473,-2.696856737136841,11.88629150390625,8.018219947814941,0.0021021042484790087,33.96885681152344,5.053921699523926,0.0015567135997116566,5,86.24159543526629,421,18236,-673,10393,19943,5576,2428,2335,8833,341,13764,7082,99,1588,9049,1.1615103483200073,1.15593421459198,1.1659859418869019,5.626331806182861,6.439962387084961,4.4187750816345215,338.780517578125,419.04815673828125,202.91714477539062,0.00043188672862015665,100,132,29,11314,341,-108,449,111,223,242,-50,209,33,2,58,85,9,14,71,0.40630000829696655,0.28345000743865967,0.2186499983072281,0.17479999363422394,0.1676499992609024,0.4066027990260789,30,0,0,1,0,0
96,69.131158,43.394336,618,-3.131798267364502,15.146893501281738,9.479178428649902,0.003786845598369837,44.98832702636719,7.245489597320557,0.001395168132148683,5,164.61102021623208,1404,115750,4710,26543,28588,3089,893,2375,9544,1070,22253,8789,334,610,112073,1.1472333669662476,1.14170503616333,1.1516709327697754,8.424299240112305,9.361578941345215,6.687525749206543,996.0774536132812,1257.78759765625,539.2234497070312,0.01858237385749817,99,131,30,10762,333,-102,435,108,216,235,-43,272,46,2,61,114,10,16,90,0.3720499873161316,0.3550499975681305,0.2697499990463257,0.20999999344348907,0.20645000040531158,0.3799853602837464,30,0,0,0.891156462585034,0,0.108843537414966
97,69.827721,42.862279,576,-1.6479413509368896,16.571674346923828,9.610572814941406,0.0063457731157541275,51.49724578857422,7.65429162979126,0.014431091025471687,5,246.26034953158342,458,36391,1735,14076,24511,4978,1835,3528,9497,571,17016,8037,160,1010,21809,1.152443766593933,1.1469324827194214,1.156866431236267,5.760397911071777,6.889512062072754,3.8286116123199463,428.1522521972656,650.2752075195312,142.35845947265625,0.07295659929513931,113,130,30,10321,340,-82,422,54,226,244,-23,406,62,3,59,162,16,22,135,0.5275499820709229,0.4420500099658966,0.33809998631477356,0.26750001311302185,0.23045000433921814,0.5342001744378161,30,0,0,0.9863945578231292,0,0.01360544217687075
98,69.766393,42.77565,962,-2.5364913940429688,12.907726287841797,8.906115531921387,0.010740881785750389,49.45098876953125,9.759108543395996,0.0016003742348402739,5,18.808346196634655,1234,567441,-71,55665,28626,2609,1395,4371,9520,1583,19796,8509,540,633,281712,1.1051793098449707,1.0998361110687256,1.1094661951065063,6.9681010246276855,7.587495803833008,5.778608322143555,817.542724609375,894.504150390625,578.9935913085938,0.07978182286024094,101,128,30,10198,325,-93,418,108,213,229,-34,484,74,4,57,196,22,29,156,0.6716499924659729,0.6067500114440918,0.35374999046325684,0.27595001459121704,0.25360000133514404,0.6653619629313361,30,0,0,0.9297052154195011,0.07029478458049887,0
99,70.0528,42.8596805555556,1106,-4.643074989318848,111.91567993164062,51.55338668823242,0.05957692861557007,346.000244140625,43.257266998291016,0.01809871941804886,5,24.286848068237305,1665,461547,3336,50499,28312,2033,950,4329,9689,2445,23070,8920,693,633,409012,1.0911296606063843,1.0858381986618042,1.095376968383789,7.093102931976318,7.663430213928223,6.7793145179748535,622.1838989257812,651.1023559570312,709.8123168945312,0.3676372766494751,103,128,30,10287,328,-92,420,111,215,233,-33,452,70,4,56,183,22,29,142,0.5903499722480774,0.7738500237464905,0.63919997215271,0.4471000134944916,0.4451499879360199,0.5710831750561711,60,0.04308390022675737,0,0.4965986394557823,0,0.46031746031746035
100,70.572338,43.531338,416,-2.9252967834472656,17.724668502807617,13.19741439819336,0.0017643639585003257,50.430633544921875,-2.19232439994812,0.003180886385962367,5,151.79086565452945,1505,115194,1793,23966,23646,4081,1817,1850,9025,967,16716,7828,276,1142,63961,1.170135736465454,1.164520263671875,1.1746418476104736,4.893974781036377,5.666872501373291,3.4759697914123535,195.00279235839844,244.2224884033203,92.60308837890625,0,111,129,29,10829,341,-92,433,121,229,247,-32,252,41,2,55,101,12,16,77,0.2358500063419342,0.18934999406337738,0.15805000066757202,0.16374999284744263,0.1485999971628189,0.2358500063419342,60,0,0,0.909297052154195,0,0.09070294784580499
101,70.1418,43.65019,358,-1.4543360471725464,9.523880004882812,6.78422737121582,0.0004788037622347474,28.55434226989746,-0.7450932860374451,0.0038873576559126377,6,160.93942260742188,610,19142,2740,9950,21817,5923,2570,1921,8822,446,13647,7180,115,1409,13435,1.1790473461151123,1.1734058856964111,1.183574914932251,4.471480846405029,5.349486351013184,3.05061674118042,172.14102172851562,234.31932067871094,73.34371185302734,0,109,130,29,10953,342,-96,438,119,228,247,-36,240,40,2,56,97,11,15,75,0.31584998965263367,0.16259999573230743,0.14305000007152557,0.14194999635219574,0.13494999706745148,0.2920331162906057,30,0,0.0045351473922902496,0.8117913832199547,0,0.1836734693877551
102,68.825276,43.45701,597,-3.506338119506836,24.962934494018555,11.768830299377441,0.012404793873429298,56.52703094482422,23.910015106201172,0.0014599007554352283,5,112.9495809670669,1376,125956,2679,26836,25848,3588,1716,2115,8657,862,18304,7837,291,923,88821,1.1499974727630615,1.1444579362869263,1.154442548751831,8.43156909942627,9.060129165649414,7.515629768371582,1258.041748046875,1407.7373046875,1003.439697265625,0.026542501524090767,102,132,30,10899,338,-101,439,112,221,239,-42,243,41,2,60,101,9,15,82,0.33880001306533813,0.21404999494552612,0.17139999568462372,0.16345000267028809,0.17190000414848328,0.3384574634717979,30,0,0,1,0,0
103,70.947015,42.891703 ,626,-2.3794147968292236,10.856002807617188,7.39180850982666,0.0016612281324341893,35.118003845214844,0.09987249970436096,0.0018598249880596995,5,180,942,80374,3800,21192,25357,4150,2123,2802,8764,835,18225,7877,264,1010,67286,1.143774390220642,1.1382719278335571,1.1481906175613403,3.252868413925171,3.761032819747925,2.5440542697906494,138.01210021972656,166.23580932617188,85.90837097167969,0,107,126,30,10361,330,-90,420,116,220,237,-31,358,55,4,51,140,22,32,104,0.3675999939441681,0.2418999969959259,0.17970000207424164,0.1610500067472458,0.1481499969959259,0.34182511378481917,30,0,0,0.9954648526077098,0,0.0045351473922902496
105,71.121512,42.932627,720,-1.994702696800232,34.78962707519531,22.579849243164062,0.016006674617528915,108.8779067993164,-10.133044242858887,0.035154782235622406,6,336.29775147081773,534,45397,427,16304,23018,4491,1906,2929,8717,564,14976,7343,156,1235,23209,1.1378207206726074,1.1323394775390625,1.1422200202941895,3.0882017612457275,3.849130392074585,1.912153720855713,98.06446838378906,143.07827758789062,32.74892044067383,0.06366973370313644,92,124,29,10311,313,-105,418,101,205,221,-45,385,60,6,48,153,28,42,104,0.4729999899864197,0.2984499931335449,0.20250000059604645,0.16944999992847443,0.14959999918937683,0.47301358477725486,30,0,0,1,0,0
106,70.79618,42.87162,699,-0.1891593337059021,8.58602523803711,5.459875106811523,0.001649523270316422,28.15875816345215,-2.1558902263641357,0.060424111783504486,7,327.5127377269421,1282,164369,-3,31729,28255,2591,1088,2574,9591,1384,19649,8501,331,639,81697,1.135467290878296,1.1299948692321777,1.1398595571517944,3.3712387084960938,3.8638455867767334,2.580315113067627,279.24444580078125,346.8240051269531,156.23211669921875,0.009940586052834988,103,126,30,10307,325,-94,419,111,215,232,-35,390,61,5,52,156,23,33,113,0.38135001063346863,0.3080500066280365,0.23659999668598175,0.2184000015258789,0.20360000431537628,0.3832425321931036,30,0,0.049886621315192746,0.9501133786848073,0,0
107,70.477697,42.634593,1308,-3.6189980506896973,35.65291213989258,22.43565559387207,0.012580287642776966,107.01020812988281,14.935157775878906,0.006163307931274176,3,331.8322132891557,866,297650,1488,40287,28629,2623,972,4830,9677,1371,22804,8897,411,614,190411,1.0650893449783325,1.0599437952041626,1.0692189931869507,6.173841953277588,7.164401531219482,4.525865077972412,385.9019470214844,495.0174255371094,194.1705322265625,0.15716470777988434,78,123,29,10062,296,-115,411,84,188,204,-56,574,90,9,52,240,39,52,158,0.5794000029563904,0.5590999722480774,0.4456000030040741,0.32670000195503235,0.28610000014305115,0.5797924478099031,30,0,0,0.9954648526077098,0,0.0045351473922902496
108,70.402473,42.693127,1249,-3.509157180786133,35.111412048339844,19.63743019104004,0.008618934080004692,99.23390197753906,22.994333267211914,0.0051442766562104225,5,1.9980046572897132,892,325275,1140,43391,29212,2224,910,5072,9708,1489,23697,8989,453,582,177399,1.0628498792648315,1.0577126741409302,1.066973090171814,6.776363372802734,7.4608259201049805,5.9113287925720215,460.6950378417969,537.7179565429688,355.2646179199219,0.1261530965566635,78,124,29,10108,299,-115,414,85,190,206,-56,565,89,8,53,237,36,49,157,0.6256499886512756,0.5726500153541565,0.4713500142097473,0.33445000648498535,0.2960500121116638,0.6330909142856214,30,0.024943310657596373,0.031746031746031744,0.9433106575963719,0,0
109,69.84876,42.82992,1161,-3.515789270401001,52.8021240234375,33.521183013916016,0.014900143258273602,163.62062072753906,16.970813751220703,0.016807029023766518,6,204.44275762889066,1497,387590,2115,46036,25800,3157,1560,3171,9127,1580,19614,8231,470,896,239598,1.0841734409332275,1.078906774520874,1.0883996486663818,10.06170654296875,10.10571575164795,10.116951942443848,2433.89892578125,2107.25537109375,2934.208740234375,0.2487429976463318,87,126,30,10197,310,-107,417,94,199,216,-48,522,82,5,56,217,27,35,159,0.47964999079704285,0.5070499777793884,0.2771500051021576,0.22104999423027039,0.20329999923706055,0.471589923153617,30,0,0,1,0,0
110,69.553837,43.128515,487,2.106686592102051,13.704315185546875,6.916131496429443,0.006494337692856789,40.394203186035156,-1.7520992755889893,5.883431434631348,7,173.20536910888256,1014,142066,2726,27328,27458,3773,1030,2911,9267,849,18162,8141,295,701,98159,1.1559934616088867,1.1504582166671753,1.160434603691101,6.544434547424316,7.338665962219238,5.367888450622559,452.11065673828125,550.5488891601562,306.6378479003906,0.0066938865929841995,112,131,30,10545,342,-87,429,51,227,245,-28,323,52,2,61,132,12,17,109,0.3851499855518341,0.29774999618530273,0.2406499981880188,0.20385000109672546,0.19920000433921814,0.3901623426816042,30,0,0,0.8843537414965986,0,0.11564625850340136
111,70.6429,43.422,451,-2.3560879230499268,16.569494247436523,12.122990608215332,0.0014152538497000933,47.84279251098633,-1.7503795623779297,0.004907405935227871,6,176.24889408796128,2237,235218,2968,39733,23459,2085,1326,1830,9717,1480,21263,8721,407,1019,144951,1.1643239259719849,1.1587293148040771,1.1688135862350464,4.791231632232666,5.448646545410156,3.730708599090576,195.886962890625,234.17523193359375,117.44270324707031,0,111,129,30,10722,339,-91,430,121,227,245,-32,267,43,2,54,106,14,18,81,0.2784999907016754,0.16249999403953552,0.14399999380111694,0.13539999723434448,0.1379999965429306,0.30443203228879984,30,0,0,1,0,0
113,70.29129,43.24263,665,-1.6579539775848389,21.19133949279785,13.056347846984863,0.005799576640129089,68.1921615600586,-3.5062108039855957,0.013110148720443249,6,161.05832103484713,493,20328,940,10029,21969,5990,2806,1911,8779,338,13404,6938,94,1482,10758,1.1353565454483032,1.1299045085906982,1.139732003211975,5.142030239105225,5.758220672607422,4.2081499099731445,444.61602783203125,506.1820373535156,304.7322692871094,0.013668064028024673,103,128,29,10580,330,-97,427,112,218,235,-38,337,54,3,55,137,17,22,103,0.3332499861717224,0.2061000019311905,0.19054999947547913,0.18664999306201935,0.16324999928474426,0.31761675778173587,30,0,0,0.888888888888889,0,0.11111111111111112
114,69.846038,43.085389,933,-3.8432908058166504,39.786827087402344,25.76470947265625,0.006832570768892765,113.45421600341797,7.723324775695801,0.005661158822476864,6,111.7206601691336,1612,204509,5385,36159,29329,2445,778,3099,9537,1533,22869,8859,501,549,223377,1.106669545173645,1.1013222932815552,1.1109615564346313,9.399213790893555,9.82806396484375,8.1251220703125,1630.7098388671875,1647.2740478515625,1181.573974609375,0.13799934089183807,83,127,30,10370,309,-113,422,91,197,214,-54,454,73,5,56,189,25,33,136,0.4145500063896179,0.3059000074863434,0.22824999690055847,0.20569999516010284,0.1808999925851822,0.4145500063896179,30,0,0,0.9750566893424036,0,0.024943310657596373
115,69.879951,43.516403,625,-3.2621512413024902,29.14241600036621,20.183446884155273,0.007640237919986248,93.94642639160156,3.4869940280914307,0.005448521114885807,5,218.95080568818975,1145,70979,3150,19536,27323,4110,1044,2159,9358,929,20697,8557,247,705,51864,1.1535881757736206,1.1480381488800049,1.1580432653427124,5.855542182922363,6.861471176147461,4.143599033355713,342.2180480957031,471.1361083984375,142.34829711914062,0.026291443035006523,102,130,29,10805,334,-100,434,112,220,238,-41,278,47,3,57,114,13,18,88,0.3769499957561493,0.2802000045776367,0.2551499903202057,0.210099995136261,0.19189999997615814,0.37536654738183634,30,0,0,0.9478458049886621,0,0.05215419501133787
116,69.798922,43.540157,599,3.4306788444519043,8.273265838623047,3.1024208068847656,0.005431757774204016,23.008480072021484,-6.098430156707764,0.1328601986169815,9,225.97535477970715,592,25187,2844,10770,19826,5982,3504,2142,8918,501,12884,6943,127,1930,17642,1.1511387825012207,1.1455973386764526,1.1555867195129395,5.571517467498779,6.8240742683410645,3.3786823749542236,319.83795166015625,485.47808837890625,104.07911682128906,0.0004909191629849374,98,129,29,10815,330,-104,434,107,216,234,-45,283,48,3,58,118,13,19,88,0.3188000023365021,0.22975000739097595,0.18729999661445618,0.18404999375343323,0.17235000431537628,0.3188089436643264,30,0,0,1,0,0
117,70.326098,43.192506,759,-2.884774923324585,36.29762268066406,25.012378692626953,0.002471658168360591,124.7487564086914,-2.639359712600708,0.012696751393377781,6,49.04442237830056,1194,90312,4003,24351,27283,3075,1278,2486,9532,1105,20828,8636,297,738,77898,1.1324455738067627,1.1270036697387695,1.1368130445480347,4.050034523010254,5.111797332763672,2.2655832767486572,141.09767150878906,254.51951599121094,26.194116592407227,0.029610948637127876,100,128,30,10514,327,-99,426,109,215,232,-39,359,58,4,56,146,19,26,108,0.43959999084472656,0.23874999582767487,0.21175000071525574,0.19509999454021454,0.1839500069618225,0.4373647966438752,30,0,0,1,0,0
118,69.93725,43.14435,1083,-3.3703019618988037,50.05477523803711,33.23344421386719,0.0043192049488425255,175.789306640625,5.727721214294434,0.015540540218353271,6,195.32887268066406,1264,190663,4039,35757,29024,2154,906,3396,9494,1481,22400,8780,430,612,173914,1.08638596534729,1.081112265586853,1.090619683265686,9.956787109375,10.40674877166748,9.505385398864746,1454.4420166015625,1462.8463134765625,1453.996337890625,0.16107140481472015,77,126,29,10371,303,-120,423,83,192,208,-60,461,75,6,55,193,27,36,135,0.5368000268936157,0.40904998779296875,0.30254998803138733,0.23119999468326569,0.20430000126361847,0.5149981488958437,30,0,0,0.9954648526077098,0,0.0045351473922902496
119,69.88986,43.08525,904,-3.4994547367095947,64.1624755859375,39.956329345703125,0.00866025686264038,191.9166717529297,0.9925415515899658,0.021844562143087387,6,247.75596958038963,2304,636359,2182,62202,29662,1592,744,2929,9674,2364,24239,9024,677,530,408905,1.107751488685608,1.1023999452590942,1.112046241760254,8.984424591064453,9.49813461303711,8.312995910644531,1409.0478515625,1451.9493408203125,1295.59326171875,0.16464495658874512,90,127,30,10391,316,-107,423,98,204,221,-48,432,69,5,55,178,23,30,132,0.39215001463890076,0.2926500141620636,0.2771500051021576,0.20184999704360962,0.18925000727176666,0.39215001463890076,30,0,0,0.9546485260770975,0,0.045351473922902494
122,69.98977,42.92967,721,7.283372402191162,37.062503814697266,17.253185272216797,0.0608033612370491,136.02139282226562,-23.53997039794922,224.31431579589844,7,180,1607,777478,1663,72854,29707,1057,611,4334,9538,2349,22101,8785,696,525,459116,1.1277331113815308,1.1223100423812866,1.1320856809616089,5.071460247039795,6.247330665588379,3.438138484954834,188.50558471679688,287.4970397949219,80.23870849609375,0.06681809574365616,97,128,30,10288,322,-98,420,105,210,227,-39,452,71,4,57,185,22,29,141,0.5698500275611877,0.6918500065803528,0.48980000615119934,0.30709999799728394,0.2706499993801117,0.6148453388297768,30,0,0,0.9705215419501134,0,0.02947845804988662
123,68.912613,43.436411,557,4.873376369476318,8.378752708435059,3.305854558944702,0.009558738209307194,26.288358688354492,-5.223872184753418,1.9922633171081543,9,90,799,67276,-218,19968,27198,3703,1105,2491,9287,645,18072,8188,195,728,33228,1.1556085348129272,1.150050163269043,1.1600698232650757,6.96787166595459,8.081155776977539,4.973693370819092,706.8763427734375,976.1865844726562,304.40374755859375,0.020926207304000854,101,132,30,10851,336,-101,437,110,220,238,-42,250,42,2,61,104,9,15,84,0.414249986410141,0.3571999967098236,0.24729999899864197,0.21400000154972076,0.20544999837875366,0.4143564928528293,30,0,0,0.9546485260770975,0.045351473922902494,0
124,68.956481,43.594624,978,-3.1809275150299072,19.15864372253418,10.70780086517334,0.011379934847354889,65.23482513427734,10.139817237854004,0.0016550695290789008,3,41.30479095628952,1572,219574,3657,36575,28472,2596,1181,2659,9269,1191,21269,8588,418,628,175543,1.1081733703613281,1.102785348892212,1.1124976873397827,7.756070613861084,8.949309349060059,5.2874226570129395,592.4237670898438,781.662109375,236.6156768798828,0.11220503598451614,79,129,29,10838,313,-124,437,87,198,215,-64,292,50,4,57,124,15,22,90,0.3582499921321869,0.3551500141620636,0.2759000062942505,0.23649999499320984,0.2061000019311905,0.36133000565581425,60,0,0,0.6802721088435374,0,0.3197278911564626
125,68.92598,43.55645,912,-3.7180914878845215,36.1963996887207,25.268224716186523,0.012550795450806618,124.20245361328125,-0.2472812533378601,0.006002719979733229,6,112.0887936622381,1827,116426,5800,28363,29578,2402,765,2210,9724,1317,23175,8946,404,540,138942,1.110461950302124,1.1050660610198975,1.1147927045822144,9.793840408325195,10.274728775024414,9.583183288574219,1245.732177734375,1275.5821533203125,1350.640625,0.08718273788690567,85,130,29,10861,319,-118,437,94,204,222,-59,279,48,3,58,119,12,19,88,0.2815999984741211,0.30535000562667847,0.23639999330043793,0.19724999368190765,0.18950000405311584,0.27505005720476844,60,0,0,0.12018140589569161,0,0.8798185941043084
126,68.8502,43.48982,722,-2.7831552028656006,45.3813591003418,30.23605728149414,0.009466102346777916,163.10572814941406,-11.206751823425293,0.02543298341333866,7,274.975610289876,944,44917,2975,17501,27225,3849,1160,2010,9468,634,18763,8298,189,752,33267,1.1452330350875854,1.1397117376327515,1.1496645212173462,7.225165843963623,8.289163589477539,5.830021858215332,856.427978515625,1104.8857421875,530.8735961914062,0.10836029052734375,86,130,29,10810,320,-116,436,94,205,222,-57,288,49,3,57,121,14,20,92,0.39079999923706055,0.2934499979019165,0.22840000689029694,0.1996999979019165,0.18019999563694,0.3917203712379625,30,0,0,0.9183673469387755,0,0.0816326530612245
127,68.714191,43.461088,530,1.7301781177520752,28.724618911743164,18.494247436523438,0.018959008157253265,78.90150451660156,-9.131528854370117,4.601307392120361,10,278.06105147693575,955,38404,4619,15324,26828,4450,1491,2107,9511,722,19309,8379,202,831,38083,1.1502858400344849,1.1447480916976929,1.1547296047210693,7.335559368133545,8.126985549926758,5.990065097808838,907.3715209960938,1131.7413330078125,529.1425170898438,0.0549362413585186,99,132,30,10882,335,-104,439,108,218,236,-45,245,41,2,60,102,9,15,82,0.287200003862381,0.2089499980211258,0.17024999856948853,0.15674999356269836,0.15549999475479126,0.2885250621278521,30,0,0,0.7233560090702948,0,0.2766439909297052
128,67.9518,43.87722,761,-2.842470169067383,35.045169830322266,23.822717666625977,0.0021719515789300203,109.32891845703125,-4.624378681182861,0.013591642491519451,6,13.018917896513498,859,58665,3498,17606,24687,4660,1767,2476,9282,587,18062,8145,213,978,45847,1.1360756158828735,1.1305793523788452,1.1404870748519897,5.906776428222656,7.050840854644775,4.029965400695801,410.08123779296875,578.4468383789062,166.88394165039062,0.03543361648917198,88,130,28,11389,329,-121,450,98,212,231,-63,222,36,3,57,92,11,17,72,0.4039500057697296,0.3642500042915344,0.27595001459121704,0.23935000598430634,0.21025000512599945,0.4039500057697296,30,0,0,1,0,0
129,70.940054,42.814381,738,3.4853053092956543,5.35798454284668,2.803462266921997,0.0016248129541054368,16.30828285217285,-3.567582607269287,0.1280122697353363,10,110.14199061937876,785,113471,134,26921,24401,3317,1918,3024,9261,817,19759,8365,238,1097,57417,1.1322500705718994,1.1267896890640259,1.1366335153579712,3.629333257675171,4.325882434844971,2.437107801437378,212.33995056152344,296.5848083496094,72.26859283447266,0,101,125,29,10267,322,-95,417,110,213,230,-36,391,60,5,50,155,25,36,111,0.40505000948905945,0.3064500093460083,0.2387000024318695,0.20280000567436218,0.18764999508857727,0.40505473752534704,30,0,0.0022675736961451248,0.9954648526077098,0,0.0022675736961451248
130,70.628511,43.420866,468,-2.907393217086792,10.532896041870117,7.6840434074401855,0.0014048721641302109,31.942533493041992,2.8443338871002197,0.0012991386465728283,3,172.16083261262102,1436,114932,4094,24528,24511,3972,1680,2306,9131,960,17589,8031,329,996,99584,1.1652487516403198,1.159651517868042,1.1697421073913574,4.556960105895996,5.302923679351807,3.296461820602417,174.05929565429688,220.62144470214844,86.50623321533203,0,110,129,30,10726,338,-92,430,120,226,245,-32,272,44,3,55,108,15,19,82,0.29750001430511475,0.19740000367164612,0.1610500067472458,0.1611499935388565,0.1485999971628189,0.3374114109061615,30,0,0,0.9183673469387755,0,0.0816326530612245
131,70.141436,43.649985 ,355,-1.1862573623657227,8.155807495117188,5.794467926025391,0.00042441682307980955,26.18311882019043,-1.5453130006790161,0.0037326847668737173,6,168.83151245117188,536,9965,4394,7528,21805,6479,1991,1657,8345,301,11569,6425,88,1304,9022,1.1790473461151123,1.1734058856964111,1.183574914932251,4.471480846405029,5.349486351013184,3.05061674118042,172.14102172851562,234.31932067871094,73.34371185302734,0,112,131,29,10961,345,-94,439,122,231,249,-34,233,39,2,58,95,10,13,74,0.2511500120162964,0.17299999296665192,0.147599995136261,0.1537500023841858,0.14390000700950623,0.28149935975236123,60,0,0,0.8344671201814059,0,0.1655328798185941
132,70.286167,43.247325,640,3.1092588901519775,23.644712448120117,15.981976509094238,0.020787891000509262,75.23206329345703,-13.003705978393555,4.108813762664795,9,265.83390907758985,493,20328,940,10029,21969,5990,2806,1911,8779,338,13404,6938,94,1482,10758,1.1447525024414062,1.1392667293548584,1.1491549015045166,4.070178031921387,5.013092994689941,2.5010480880737305,243.59616088867188,360.4515686035156,82.92283630371094,0.02100868709385395,103,128,29,10580,330,-97,427,112,218,235,-38,337,54,3,55,137,17,22,103,0.3049499988555908,0.23845000565052032,0.1894499957561493,0.16920000314712524,0.16459999978542328,0.3091139421301657,30,0,0.0022675736961451248,0.746031746031746,0,0.25170068027210885
133,69.93247,43.1467,998,-2.6874189376831055,48.16111755371094,31.576011657714844,0.009818118065595627,144.0460968017578,-10.947319030761719,0.0261720959097147,6,245.00804138183594,830,111874,1967,24458,24791,3754,2046,3351,9040,947,19995,8324,278,1033,75676,1.1020429134368896,1.0967124700546265,1.1063214540481567,5.689671993255615,7.213621616363525,2.9777748584747314,258.82440185546875,468.8771667480469,47.57674789428711,0.16622930765151978,88,127,30,10429,314,-109,423,95,202,219,-50,425,68,5,55,176,23,31,128,0.43685001134872437,0.49904999136924744,0.31885001063346863,0.25189998745918274,0.21834999322891235,0.44406778439526307,30,0,0,0.9682539682539683,0,0.031746031746031744
134,68.71099,43.46661,523,-3.7332568168640137,32.43161392211914,21.190479278564453,0.00792855117470026,91.12921142578125,10.467535972595215,0.004113194532692432,6,90,955,38404,4619,15324,26828,4450,1491,2107,9511,722,19309,8379,202,831,38083,1.1504405736923218,1.144903302192688,1.1548852920532227,7.854771614074707,8.58969783782959,6.496050834655762,1218.65478515625,1420.1170654296875,788.5686645507812,0.05253787711262703,99,132,30,10882,335,-104,439,108,218,236,-45,245,41,2,60,102,9,15,82,0.2863500118255615,0.2410999983549118,0.1762000024318695,0.17090000212192535,0.16255000233650208,0.3085700501248522,30,0,0,0.8979591836734694,0,0.10204081632653061
